"filename", "language", "JavaScript", "Less", "HTML", "JSON", "Markdown", "TypeScript", "Handlebars", "Properties", "Log", "SQL", "Pug", "comment", "blank", "total"
"/Users/turco/WebDev/coderhouse-backend-course/Desafio Clase 10/EJS/desafioClase10_EJS.js", "JavaScript", 16, 0, 0, 0, 0, 0, 0, 0, 0, 0, 0, 0, 7, 23
"/Users/turco/WebDev/coderhouse-backend-course/Desafio Clase 10/EJS/router1.js", "JavaScript", 29, 0, 0, 0, 0, 0, 0, 0, 0, 0, 0, 0, 9, 38
"/Users/turco/WebDev/coderhouse-backend-course/Desafio Clase 10/EJS/views/inputForm.ejs", "HTML", 0, 0, 15, 0, 0, 0, 0, 0, 0, 0, 0, 0, 0, 15
"/Users/turco/WebDev/coderhouse-backend-course/Desafio Clase 10/EJS/views/productView.ejs", "HTML", 0, 0, 17, 0, 0, 0, 0, 0, 0, 0, 0, 0, 0, 17
"/Users/turco/WebDev/coderhouse-backend-course/Desafio Clase 10/Handlebars/desafioClase10_HBS.js", "JavaScript", 26, 0, 0, 0, 0, 0, 0, 0, 0, 0, 0, 0, 8, 34
"/Users/turco/WebDev/coderhouse-backend-course/Desafio Clase 10/Handlebars/router1.js", "JavaScript", 29, 0, 0, 0, 0, 0, 0, 0, 0, 0, 0, 0, 11, 40
"/Users/turco/WebDev/coderhouse-backend-course/Desafio Clase 10/Handlebars/views/inputForm.hbs", "Handlebars", 0, 0, 0, 0, 0, 0, 15, 0, 0, 0, 0, 0, 0, 15
"/Users/turco/WebDev/coderhouse-backend-course/Desafio Clase 10/Handlebars/views/layouts/main.hbs", "Handlebars", 0, 0, 0, 0, 0, 0, 12, 0, 0, 0, 0, 0, 0, 12
"/Users/turco/WebDev/coderhouse-backend-course/Desafio Clase 10/Handlebars/views/productView.hbs", "Handlebars", 0, 0, 0, 0, 0, 0, 17, 0, 0, 0, 0, 0, 0, 17
"/Users/turco/WebDev/coderhouse-backend-course/Desafio Clase 10/PUG/desafioClase10_PUG.js", "JavaScript", 16, 0, 0, 0, 0, 0, 0, 0, 0, 0, 0, 0, 7, 23
"/Users/turco/WebDev/coderhouse-backend-course/Desafio Clase 10/PUG/router1.js", "JavaScript", 29, 0, 0, 0, 0, 0, 0, 0, 0, 0, 0, 0, 9, 38
"/Users/turco/WebDev/coderhouse-backend-course/Desafio Clase 10/PUG/views/inputForm.pug", "Pug", 0, 0, 0, 0, 0, 0, 0, 0, 0, 0, 14, 0, 1, 15
"/Users/turco/WebDev/coderhouse-backend-course/Desafio Clase 10/PUG/views/main.pug", "Pug", 0, 0, 0, 0, 0, 0, 0, 0, 0, 0, 10, 0, 0, 10
"/Users/turco/WebDev/coderhouse-backend-course/Desafio Clase 10/PUG/views/productView.pug", "Pug", 0, 0, 0, 0, 0, 0, 0, 0, 0, 0, 14, 0, 1, 15
"/Users/turco/WebDev/coderhouse-backend-course/Desafio Clase 12/desafioClase12.js", "JavaScript", 78, 0, 0, 0, 0, 0, 0, 0, 0, 0, 0, 2, 31, 111
"/Users/turco/WebDev/coderhouse-backend-course/Desafio Clase 12/public/client.socket.js", "JavaScript", 56, 0, 0, 0, 0, 0, 0, 0, 0, 0, 0, 0, 24, 80
"/Users/turco/WebDev/coderhouse-backend-course/Desafio Clase 12/public/views/inputForm.hbs", "Handlebars", 0, 0, 0, 0, 0, 0, 23, 0, 0, 0, 0, 0, 0, 23
"/Users/turco/WebDev/coderhouse-backend-course/Desafio Clase 12/public/views/layouts/main.hbs", "Handlebars", 0, 0, 0, 0, 0, 0, 13, 0, 0, 0, 0, 0, 0, 13
"/Users/turco/WebDev/coderhouse-backend-course/Desafio Clase 12/public/views/productView.hbs", "Handlebars", 0, 0, 0, 0, 0, 0, 17, 0, 0, 0, 0, 0, 0, 17
"/Users/turco/WebDev/coderhouse-backend-course/Desafio Clase 12/router1.js", "JavaScript", 21, 0, 0, 0, 0, 0, 0, 0, 0, 0, 0, 0, 10, 31
"/Users/turco/WebDev/coderhouse-backend-course/Desafio Clase 14/main.js", "JavaScript", 17, 0, 0, 0, 0, 0, 0, 0, 0, 0, 0, 0, 7, 24
"/Users/turco/WebDev/coderhouse-backend-course/Desafio Clase 14/persistence.js", "JavaScript", 129, 0, 0, 0, 0, 0, 0, 0, 0, 0, 0, 2, 26, 157
"/Users/turco/WebDev/coderhouse-backend-course/Desafio Clase 14/router.js", "JavaScript", 86, 0, 0, 0, 0, 0, 0, 0, 0, 0, 0, 3, 13, 102
"/Users/turco/WebDev/coderhouse-backend-course/Desafio Clase 16/database/msgDB.sqlite", "SQL", 0, 0, 0, 0, 0, 0, 0, 0, 0, 4, 0, 0, 0, 4
"/Users/turco/WebDev/coderhouse-backend-course/Desafio Clase 16/desafioClase16.js", "JavaScript", 67, 0, 0, 0, 0, 0, 0, 0, 0, 0, 0, 0, 22, 89
"/Users/turco/WebDev/coderhouse-backend-course/Desafio Clase 16/knexTableCreator.js", "JavaScript", 44, 0, 0, 0, 0, 0, 0, 0, 0, 0, 0, 1, 7, 52
"/Users/turco/WebDev/coderhouse-backend-course/Desafio Clase 16/persistance.js", "JavaScript", 29, 0, 0, 0, 0, 0, 0, 0, 0, 0, 0, 1, 4, 34
"/Users/turco/WebDev/coderhouse-backend-course/Desafio Clase 16/public/client.socket.js", "JavaScript", 59, 0, 0, 0, 0, 0, 0, 0, 0, 0, 0, 0, 25, 84
"/Users/turco/WebDev/coderhouse-backend-course/Desafio Clase 16/public/views/inputForm.hbs", "Handlebars", 0, 0, 0, 0, 0, 0, 23, 0, 0, 0, 0, 0, 0, 23
"/Users/turco/WebDev/coderhouse-backend-course/Desafio Clase 16/public/views/layouts/main.hbs", "Handlebars", 0, 0, 0, 0, 0, 0, 13, 0, 0, 0, 0, 0, 0, 13
"/Users/turco/WebDev/coderhouse-backend-course/Desafio Clase 16/public/views/productView.hbs", "Handlebars", 0, 0, 0, 0, 0, 0, 17, 0, 0, 0, 0, 0, 0, 17
"/Users/turco/WebDev/coderhouse-backend-course/Desafio Clase 16/router1.js", "JavaScript", 8, 0, 0, 0, 0, 0, 0, 0, 0, 0, 0, 0, 3, 11
"/Users/turco/WebDev/coderhouse-backend-course/Desafio Clase 18/desafioClase18.md", "Markdown", 0, 0, 0, 0, 81, 0, 0, 0, 0, 0, 0, 0, 30, 111
"/Users/turco/WebDev/coderhouse-backend-course/Desafio Clase 2/desafioClase2.js", "JavaScript", 42, 0, 0, 0, 0, 0, 0, 0, 0, 0, 0, 0, 13, 55
"/Users/turco/WebDev/coderhouse-backend-course/Desafio Clase 20/DAOs/DAOs.js", "JavaScript", 8, 0, 0, 0, 0, 0, 0, 0, 0, 0, 0, 0, 4, 12
"/Users/turco/WebDev/coderhouse-backend-course/Desafio Clase 20/Firestore/firestoreConfig.js", "JavaScript", 12, 0, 0, 0, 0, 0, 0, 0, 0, 0, 0, 0, 4, 16
"/Users/turco/WebDev/coderhouse-backend-course/Desafio Clase 20/Firestore/firestoreContainer.js", "JavaScript", 85, 0, 0, 0, 0, 0, 0, 0, 0, 0, 0, 1, 18, 104
"/Users/turco/WebDev/coderhouse-backend-course/Desafio Clase 20/MongoDB/mongoConfig.js", "JavaScript", 20, 0, 0, 0, 0, 0, 0, 0, 0, 0, 0, 0, 5, 25
"/Users/turco/WebDev/coderhouse-backend-course/Desafio Clase 20/MongoDB/mongoContainer.js", "JavaScript", 71, 0, 0, 0, 0, 0, 0, 0, 0, 0, 0, 1, 18, 90
"/Users/turco/WebDev/coderhouse-backend-course/Desafio Clase 22/config/firestoreConfig.js", "JavaScript", 12, 0, 0, 0, 0, 0, 0, 0, 0, 0, 0, 0, 4, 16
"/Users/turco/WebDev/coderhouse-backend-course/Desafio Clase 22/desafioClase22.js", "JavaScript", 58, 0, 0, 0, 0, 0, 0, 0, 0, 0, 0, 0, 21, 79
"/Users/turco/WebDev/coderhouse-backend-course/Desafio Clase 22/persistance.js", "JavaScript", 39, 0, 0, 0, 0, 0, 0, 0, 0, 0, 0, 1, 13, 53
"/Users/turco/WebDev/coderhouse-backend-course/Desafio Clase 22/public/client.socket.js", "JavaScript", 64, 0, 0, 0, 0, 0, 0, 0, 0, 0, 0, 1, 22, 87
"/Users/turco/WebDev/coderhouse-backend-course/Desafio Clase 22/public/views/fakeProds.hbs", "Handlebars", 0, 0, 0, 0, 0, 0, 15, 0, 0, 0, 0, 0, 0, 15
"/Users/turco/WebDev/coderhouse-backend-course/Desafio Clase 22/public/views/inputForm.hbs", "Handlebars", 0, 0, 0, 0, 0, 0, 21, 0, 0, 0, 0, 0, 0, 21
"/Users/turco/WebDev/coderhouse-backend-course/Desafio Clase 22/public/views/layouts/main.hbs", "Handlebars", 0, 0, 0, 0, 0, 0, 13, 0, 0, 0, 0, 0, 0, 13
"/Users/turco/WebDev/coderhouse-backend-course/Desafio Clase 22/routes/router1.js", "JavaScript", 25, 0, 0, 0, 0, 0, 0, 0, 0, 0, 0, 0, 4, 29
"/Users/turco/WebDev/coderhouse-backend-course/Desafio Clase 24/config/firestoreConfig.js", "JavaScript", 12, 0, 0, 0, 0, 0, 0, 0, 0, 0, 0, 0, 4, 16
"/Users/turco/WebDev/coderhouse-backend-course/Desafio Clase 24/desafioClase24.js", "JavaScript", 80, 0, 0, 0, 0, 0, 0, 0, 0, 0, 0, 0, 23, 103
"/Users/turco/WebDev/coderhouse-backend-course/Desafio Clase 24/persistance.js", "JavaScript", 25, 0, 0, 0, 0, 0, 0, 0, 0, 0, 0, 1, 9, 35
"/Users/turco/WebDev/coderhouse-backend-course/Desafio Clase 24/public/client.socket.js", "JavaScript", 56, 0, 0, 0, 0, 0, 0, 0, 0, 0, 0, 0, 19, 75
"/Users/turco/WebDev/coderhouse-backend-course/Desafio Clase 24/public/views/fakeProds.hbs", "Handlebars", 0, 0, 0, 0, 0, 0, 15, 0, 0, 0, 0, 0, 0, 15
"/Users/turco/WebDev/coderhouse-backend-course/Desafio Clase 24/public/views/inputForm.hbs", "Handlebars", 0, 0, 0, 0, 0, 0, 25, 0, 0, 0, 0, 0, 0, 25
"/Users/turco/WebDev/coderhouse-backend-course/Desafio Clase 24/public/views/layouts/main.hbs", "Handlebars", 0, 0, 0, 0, 0, 0, 13, 0, 0, 0, 0, 0, 0, 13
"/Users/turco/WebDev/coderhouse-backend-course/Desafio Clase 24/public/views/login.hbs", "Handlebars", 0, 0, 0, 0, 0, 0, 5, 0, 0, 0, 0, 0, 0, 5
"/Users/turco/WebDev/coderhouse-backend-course/Desafio Clase 24/public/views/logout.hbs", "Handlebars", 0, 0, 0, 0, 0, 0, 4, 0, 0, 0, 0, 0, 0, 4
"/Users/turco/WebDev/coderhouse-backend-course/Desafio Clase 24/routes/router1.js", "JavaScript", 41, 0, 0, 0, 0, 0, 0, 0, 0, 0, 0, 0, 6, 47
"/Users/turco/WebDev/coderhouse-backend-course/Desafio Clase 26/config/firestoreConfig.js", "JavaScript", 12, 0, 0, 0, 0, 0, 0, 0, 0, 0, 0, 0, 4, 16
"/Users/turco/WebDev/coderhouse-backend-course/Desafio Clase 26/desafioClase26.js", "JavaScript", 96, 0, 0, 0, 0, 0, 0, 0, 0, 0, 0, 0, 29, 125
"/Users/turco/WebDev/coderhouse-backend-course/Desafio Clase 26/lib/pasport.lib.js", "JavaScript", 41, 0, 0, 0, 0, 0, 0, 0, 0, 0, 0, 0, 11, 52
"/Users/turco/WebDev/coderhouse-backend-course/Desafio Clase 26/models/user.model.js", "JavaScript", 6, 0, 0, 0, 0, 0, 0, 0, 0, 0, 0, 0, 2, 8
"/Users/turco/WebDev/coderhouse-backend-course/Desafio Clase 26/persistance.js", "JavaScript", 25, 0, 0, 0, 0, 0, 0, 0, 0, 0, 0, 1, 9, 35
"/Users/turco/WebDev/coderhouse-backend-course/Desafio Clase 26/public/client.socket.js", "JavaScript", 56, 0, 0, 0, 0, 0, 0, 0, 0, 0, 0, 0, 19, 75
"/Users/turco/WebDev/coderhouse-backend-course/Desafio Clase 26/public/views/fakeProds.hbs", "Handlebars", 0, 0, 0, 0, 0, 0, 15, 0, 0, 0, 0, 0, 0, 15
"/Users/turco/WebDev/coderhouse-backend-course/Desafio Clase 26/public/views/inputForm.hbs", "Handlebars", 0, 0, 0, 0, 0, 0, 25, 0, 0, 0, 0, 0, 0, 25
"/Users/turco/WebDev/coderhouse-backend-course/Desafio Clase 26/public/views/layouts/main.hbs", "Handlebars", 0, 0, 0, 0, 0, 0, 13, 0, 0, 0, 0, 0, 0, 13
"/Users/turco/WebDev/coderhouse-backend-course/Desafio Clase 26/public/views/login.hbs", "Handlebars", 0, 0, 0, 0, 0, 0, 11, 0, 0, 0, 0, 0, 0, 11
"/Users/turco/WebDev/coderhouse-backend-course/Desafio Clase 26/public/views/loginError.hbs", "Handlebars", 0, 0, 0, 0, 0, 0, 4, 0, 0, 0, 0, 0, 0, 4
"/Users/turco/WebDev/coderhouse-backend-course/Desafio Clase 26/public/views/logout.hbs", "Handlebars", 0, 0, 0, 0, 0, 0, 4, 0, 0, 0, 0, 0, 0, 4
"/Users/turco/WebDev/coderhouse-backend-course/Desafio Clase 26/public/views/register.hbs", "Handlebars", 0, 0, 0, 0, 0, 0, 11, 0, 0, 0, 0, 0, 0, 11
"/Users/turco/WebDev/coderhouse-backend-course/Desafio Clase 26/public/views/registerError.hbs", "Handlebars", 0, 0, 0, 0, 0, 0, 4, 0, 0, 0, 0, 0, 0, 4
"/Users/turco/WebDev/coderhouse-backend-course/Desafio Clase 26/routes/router1.js", "JavaScript", 59, 0, 0, 0, 0, 0, 0, 0, 0, 0, 0, 0, 12, 71
"/Users/turco/WebDev/coderhouse-backend-course/Desafio Clase 28/.env", "Properties", 0, 0, 0, 0, 0, 0, 0, 3, 0, 0, 0, 0, 0, 3
"/Users/turco/WebDev/coderhouse-backend-course/Desafio Clase 28/child.js", "JavaScript", 16, 0, 0, 0, 0, 0, 0, 0, 0, 0, 0, 0, 5, 21
"/Users/turco/WebDev/coderhouse-backend-course/Desafio Clase 28/config/firestoreConfig.js", "JavaScript", 14, 0, 0, 0, 0, 0, 0, 0, 0, 0, 0, 0, 5, 19
"/Users/turco/WebDev/coderhouse-backend-course/Desafio Clase 28/desafioClase28.js", "JavaScript", 111, 0, 0, 0, 0, 0, 0, 0, 0, 0, 0, 0, 34, 145
"/Users/turco/WebDev/coderhouse-backend-course/Desafio Clase 28/lib/pasport.lib.js", "JavaScript", 41, 0, 0, 0, 0, 0, 0, 0, 0, 0, 0, 0, 11, 52
"/Users/turco/WebDev/coderhouse-backend-course/Desafio Clase 28/models/user.model.js", "JavaScript", 6, 0, 0, 0, 0, 0, 0, 0, 0, 0, 0, 0, 2, 8
"/Users/turco/WebDev/coderhouse-backend-course/Desafio Clase 28/persistance.js", "JavaScript", 25, 0, 0, 0, 0, 0, 0, 0, 0, 0, 0, 1, 9, 35
"/Users/turco/WebDev/coderhouse-backend-course/Desafio Clase 28/public/client.socket.js", "JavaScript", 56, 0, 0, 0, 0, 0, 0, 0, 0, 0, 0, 0, 19, 75
"/Users/turco/WebDev/coderhouse-backend-course/Desafio Clase 28/public/views/fakeProds.hbs", "Handlebars", 0, 0, 0, 0, 0, 0, 15, 0, 0, 0, 0, 0, 0, 15
"/Users/turco/WebDev/coderhouse-backend-course/Desafio Clase 28/public/views/info.hbs", "Handlebars", 0, 0, 0, 0, 0, 0, 9, 0, 0, 0, 0, 0, 0, 9
"/Users/turco/WebDev/coderhouse-backend-course/Desafio Clase 28/public/views/inputForm.hbs", "Handlebars", 0, 0, 0, 0, 0, 0, 25, 0, 0, 0, 0, 0, 0, 25
"/Users/turco/WebDev/coderhouse-backend-course/Desafio Clase 28/public/views/layouts/main.hbs", "Handlebars", 0, 0, 0, 0, 0, 0, 13, 0, 0, 0, 0, 0, 0, 13
"/Users/turco/WebDev/coderhouse-backend-course/Desafio Clase 28/public/views/login.hbs", "Handlebars", 0, 0, 0, 0, 0, 0, 11, 0, 0, 0, 0, 0, 0, 11
"/Users/turco/WebDev/coderhouse-backend-course/Desafio Clase 28/public/views/loginError.hbs", "Handlebars", 0, 0, 0, 0, 0, 0, 4, 0, 0, 0, 0, 0, 0, 4
"/Users/turco/WebDev/coderhouse-backend-course/Desafio Clase 28/public/views/logout.hbs", "Handlebars", 0, 0, 0, 0, 0, 0, 4, 0, 0, 0, 0, 0, 0, 4
"/Users/turco/WebDev/coderhouse-backend-course/Desafio Clase 28/public/views/register.hbs", "Handlebars", 0, 0, 0, 0, 0, 0, 11, 0, 0, 0, 0, 0, 0, 11
"/Users/turco/WebDev/coderhouse-backend-course/Desafio Clase 28/public/views/registerError.hbs", "Handlebars", 0, 0, 0, 0, 0, 0, 4, 0, 0, 0, 0, 0, 0, 4
"/Users/turco/WebDev/coderhouse-backend-course/Desafio Clase 28/routes/router1.js", "JavaScript", 69, 0, 0, 0, 0, 0, 0, 0, 0, 0, 0, 0, 13, 82
"/Users/turco/WebDev/coderhouse-backend-course/Desafio Clase 28/routes/routerChild.js", "JavaScript", 14, 0, 0, 0, 0, 0, 0, 0, 0, 0, 0, 0, 4, 18
"/Users/turco/WebDev/coderhouse-backend-course/Desafio Clase 30/.env", "Properties", 0, 0, 0, 0, 0, 0, 0, 3, 0, 0, 0, 0, 0, 3
"/Users/turco/WebDev/coderhouse-backend-course/Desafio Clase 30/config/firestoreConfig.js", "JavaScript", 14, 0, 0, 0, 0, 0, 0, 0, 0, 0, 0, 0, 5, 19
"/Users/turco/WebDev/coderhouse-backend-course/Desafio Clase 30/desafioClase30.js", "JavaScript", 132, 0, 0, 0, 0, 0, 0, 0, 0, 0, 0, 0, 41, 173
"/Users/turco/WebDev/coderhouse-backend-course/Desafio Clase 30/lib/pasport.lib.js", "JavaScript", 41, 0, 0, 0, 0, 0, 0, 0, 0, 0, 0, 0, 11, 52
"/Users/turco/WebDev/coderhouse-backend-course/Desafio Clase 30/models/user.model.js", "JavaScript", 6, 0, 0, 0, 0, 0, 0, 0, 0, 0, 0, 0, 2, 8
"/Users/turco/WebDev/coderhouse-backend-course/Desafio Clase 30/nginx.conf", "Properties", 0, 0, 0, 0, 0, 0, 0, 39, 0, 0, 0, 2, 15, 56
"/Users/turco/WebDev/coderhouse-backend-course/Desafio Clase 30/persistance.js", "JavaScript", 25, 0, 0, 0, 0, 0, 0, 0, 0, 0, 0, 1, 9, 35
"/Users/turco/WebDev/coderhouse-backend-course/Desafio Clase 30/public/client.socket.js", "JavaScript", 56, 0, 0, 0, 0, 0, 0, 0, 0, 0, 0, 0, 19, 75
"/Users/turco/WebDev/coderhouse-backend-course/Desafio Clase 30/public/views/fakeProds.hbs", "Handlebars", 0, 0, 0, 0, 0, 0, 15, 0, 0, 0, 0, 0, 0, 15
"/Users/turco/WebDev/coderhouse-backend-course/Desafio Clase 30/public/views/info.hbs", "Handlebars", 0, 0, 0, 0, 0, 0, 10, 0, 0, 0, 0, 0, 0, 10
"/Users/turco/WebDev/coderhouse-backend-course/Desafio Clase 30/public/views/inputForm.hbs", "Handlebars", 0, 0, 0, 0, 0, 0, 25, 0, 0, 0, 0, 0, 0, 25
"/Users/turco/WebDev/coderhouse-backend-course/Desafio Clase 30/public/views/layouts/main.hbs", "Handlebars", 0, 0, 0, 0, 0, 0, 13, 0, 0, 0, 0, 0, 0, 13
"/Users/turco/WebDev/coderhouse-backend-course/Desafio Clase 30/public/views/login.hbs", "Handlebars", 0, 0, 0, 0, 0, 0, 11, 0, 0, 0, 0, 0, 0, 11
"/Users/turco/WebDev/coderhouse-backend-course/Desafio Clase 30/public/views/loginError.hbs", "Handlebars", 0, 0, 0, 0, 0, 0, 4, 0, 0, 0, 0, 0, 0, 4
"/Users/turco/WebDev/coderhouse-backend-course/Desafio Clase 30/public/views/logout.hbs", "Handlebars", 0, 0, 0, 0, 0, 0, 4, 0, 0, 0, 0, 0, 0, 4
"/Users/turco/WebDev/coderhouse-backend-course/Desafio Clase 30/public/views/register.hbs", "Handlebars", 0, 0, 0, 0, 0, 0, 11, 0, 0, 0, 0, 0, 0, 11
"/Users/turco/WebDev/coderhouse-backend-course/Desafio Clase 30/public/views/registerError.hbs", "Handlebars", 0, 0, 0, 0, 0, 0, 4, 0, 0, 0, 0, 0, 0, 4
"/Users/turco/WebDev/coderhouse-backend-course/Desafio Clase 30/routes/router1.js", "JavaScript", 71, 0, 0, 0, 0, 0, 0, 0, 0, 0, 0, 0, 13, 84
"/Users/turco/WebDev/coderhouse-backend-course/Desafio Clase 30/routes/routerChild.js", "JavaScript", 14, 0, 0, 0, 0, 0, 0, 0, 0, 0, 0, 0, 4, 18
"/Users/turco/WebDev/coderhouse-backend-course/Desafio Clase 30/serverAPIRandom.js", "JavaScript", 51, 0, 0, 0, 0, 0, 0, 0, 0, 0, 0, 0, 16, 67
"/Users/turco/WebDev/coderhouse-backend-course/Desafio Clase 32/.env", "Properties", 0, 0, 0, 0, 0, 0, 0, 3, 0, 0, 0, 0, 0, 3
"/Users/turco/WebDev/coderhouse-backend-course/Desafio Clase 32/7651.0x/flamegraph.html", "HTML", 0, 0, 11993, 0, 0, 0, 0, 0, 0, 0, 0, 0, 1943, 13936
"/Users/turco/WebDev/coderhouse-backend-course/Desafio Clase 32/7651.0x/isolate-0x130040000-7651-7651-v8.log", "Log", 0, 0, 0, 0, 0, 0, 0, 0, 47669, 0, 0, 0, 1, 47670
"/Users/turco/WebDev/coderhouse-backend-course/Desafio Clase 32/7651.0x/isolate-0x130040000-7651-7651-v8.log.json", "JSON", 0, 0, 0, 660289, 0, 0, 0, 0, 0, 0, 0, 0, 1, 660290
"/Users/turco/WebDev/coderhouse-backend-course/Desafio Clase 32/7651.0x/meta.json", "JSON", 0, 0, 0, 1, 0, 0, 0, 0, 0, 0, 0, 0, 0, 1
"/Users/turco/WebDev/coderhouse-backend-course/Desafio Clase 32/benchmark.js", "JavaScript", 17, 0, 0, 0, 0, 0, 0, 0, 0, 0, 0, 0, 7, 24
"/Users/turco/WebDev/coderhouse-backend-course/Desafio Clase 32/config/firestoreConfig.js", "JavaScript", 14, 0, 0, 0, 0, 0, 0, 0, 0, 0, 0, 0, 5, 19
"/Users/turco/WebDev/coderhouse-backend-course/Desafio Clase 32/desafioClase32.js", "JavaScript", 132, 0, 0, 0, 0, 0, 0, 0, 0, 0, 0, 0, 41, 173
"/Users/turco/WebDev/coderhouse-backend-course/Desafio Clase 32/error.log", "Log", 0, 0, 0, 0, 0, 0, 0, 0, 0, 0, 0, 0, 1, 1
"/Users/turco/WebDev/coderhouse-backend-course/Desafio Clase 32/lib/log4js.js", "JavaScript", 28, 0, 0, 0, 0, 0, 0, 0, 0, 0, 0, 0, 5, 33
"/Users/turco/WebDev/coderhouse-backend-course/Desafio Clase 32/lib/pasport.lib.js", "JavaScript", 41, 0, 0, 0, 0, 0, 0, 0, 0, 0, 0, 0, 11, 52
"/Users/turco/WebDev/coderhouse-backend-course/Desafio Clase 32/models/user.model.js", "JavaScript", 6, 0, 0, 0, 0, 0, 0, 0, 0, 0, 0, 0, 2, 8
"/Users/turco/WebDev/coderhouse-backend-course/Desafio Clase 32/persistance.js", "JavaScript", 25, 0, 0, 0, 0, 0, 0, 0, 0, 0, 0, 1, 9, 35
"/Users/turco/WebDev/coderhouse-backend-course/Desafio Clase 32/public/client.socket.js", "JavaScript", 56, 0, 0, 0, 0, 0, 0, 0, 0, 0, 0, 0, 19, 75
"/Users/turco/WebDev/coderhouse-backend-course/Desafio Clase 32/public/views/fakeProds.hbs", "Handlebars", 0, 0, 0, 0, 0, 0, 15, 0, 0, 0, 0, 0, 0, 15
"/Users/turco/WebDev/coderhouse-backend-course/Desafio Clase 32/public/views/info.hbs", "Handlebars", 0, 0, 0, 0, 0, 0, 10, 0, 0, 0, 0, 0, 0, 10
"/Users/turco/WebDev/coderhouse-backend-course/Desafio Clase 32/public/views/inputForm.hbs", "Handlebars", 0, 0, 0, 0, 0, 0, 25, 0, 0, 0, 0, 0, 0, 25
"/Users/turco/WebDev/coderhouse-backend-course/Desafio Clase 32/public/views/layouts/main.hbs", "Handlebars", 0, 0, 0, 0, 0, 0, 13, 0, 0, 0, 0, 0, 0, 13
"/Users/turco/WebDev/coderhouse-backend-course/Desafio Clase 32/public/views/login.hbs", "Handlebars", 0, 0, 0, 0, 0, 0, 11, 0, 0, 0, 0, 0, 0, 11
"/Users/turco/WebDev/coderhouse-backend-course/Desafio Clase 32/public/views/loginError.hbs", "Handlebars", 0, 0, 0, 0, 0, 0, 4, 0, 0, 0, 0, 0, 0, 4
"/Users/turco/WebDev/coderhouse-backend-course/Desafio Clase 32/public/views/logout.hbs", "Handlebars", 0, 0, 0, 0, 0, 0, 4, 0, 0, 0, 0, 0, 0, 4
"/Users/turco/WebDev/coderhouse-backend-course/Desafio Clase 32/public/views/register.hbs", "Handlebars", 0, 0, 0, 0, 0, 0, 11, 0, 0, 0, 0, 0, 0, 11
"/Users/turco/WebDev/coderhouse-backend-course/Desafio Clase 32/public/views/registerError.hbs", "Handlebars", 0, 0, 0, 0, 0, 0, 4, 0, 0, 0, 0, 0, 0, 4
"/Users/turco/WebDev/coderhouse-backend-course/Desafio Clase 32/routes/router1.js", "JavaScript", 94, 0, 0, 0, 0, 0, 0, 0, 0, 0, 0, 0, 14, 108
"/Users/turco/WebDev/coderhouse-backend-course/Desafio Clase 32/routes/routerChild.js", "JavaScript", 14, 0, 0, 0, 0, 0, 0, 0, 0, 0, 0, 0, 4, 18
"/Users/turco/WebDev/coderhouse-backend-course/Desafio Clase 32/serverAPIRandom.js", "JavaScript", 51, 0, 0, 0, 0, 0, 0, 0, 0, 0, 0, 0, 16, 67
"/Users/turco/WebDev/coderhouse-backend-course/Desafio Clase 32/warn.log", "Log", 0, 0, 0, 0, 0, 0, 0, 0, 1, 0, 0, 0, 1, 2
"/Users/turco/WebDev/coderhouse-backend-course/Desafio Clase 32/yesLog.log", "Log", 0, 0, 0, 0, 0, 0, 0, 0, 24461, 0, 0, 0, 1, 24462
"/Users/turco/WebDev/coderhouse-backend-course/Desafio Clase 34/.env", "Properties", 0, 0, 0, 0, 0, 0, 0, 3, 0, 0, 0, 0, 0, 3
"/Users/turco/WebDev/coderhouse-backend-course/Desafio Clase 34/benchmark.js", "JavaScript", 17, 0, 0, 0, 0, 0, 0, 0, 0, 0, 0, 0, 7, 24
"/Users/turco/WebDev/coderhouse-backend-course/Desafio Clase 34/config/firestoreConfig.js", "JavaScript", 14, 0, 0, 0, 0, 0, 0, 0, 0, 0, 0, 0, 5, 19
"/Users/turco/WebDev/coderhouse-backend-course/Desafio Clase 34/desafioClase34.js", "JavaScript", 132, 0, 0, 0, 0, 0, 0, 0, 0, 0, 0, 0, 41, 173
"/Users/turco/WebDev/coderhouse-backend-course/Desafio Clase 34/error.log", "Log", 0, 0, 0, 0, 0, 0, 0, 0, 0, 0, 0, 0, 1, 1
"/Users/turco/WebDev/coderhouse-backend-course/Desafio Clase 34/lib/log4js.js", "JavaScript", 28, 0, 0, 0, 0, 0, 0, 0, 0, 0, 0, 0, 5, 33
"/Users/turco/WebDev/coderhouse-backend-course/Desafio Clase 34/lib/pasport.lib.js", "JavaScript", 41, 0, 0, 0, 0, 0, 0, 0, 0, 0, 0, 0, 11, 52
"/Users/turco/WebDev/coderhouse-backend-course/Desafio Clase 34/models/user.model.js", "JavaScript", 6, 0, 0, 0, 0, 0, 0, 0, 0, 0, 0, 0, 2, 8
"/Users/turco/WebDev/coderhouse-backend-course/Desafio Clase 34/persistance.js", "JavaScript", 25, 0, 0, 0, 0, 0, 0, 0, 0, 0, 0, 1, 9, 35
"/Users/turco/WebDev/coderhouse-backend-course/Desafio Clase 34/public/client.socket.js", "JavaScript", 56, 0, 0, 0, 0, 0, 0, 0, 0, 0, 0, 0, 19, 75
"/Users/turco/WebDev/coderhouse-backend-course/Desafio Clase 34/public/views/fakeProds.hbs", "Handlebars", 0, 0, 0, 0, 0, 0, 15, 0, 0, 0, 0, 0, 0, 15
"/Users/turco/WebDev/coderhouse-backend-course/Desafio Clase 34/public/views/info.hbs", "Handlebars", 0, 0, 0, 0, 0, 0, 10, 0, 0, 0, 0, 0, 0, 10
"/Users/turco/WebDev/coderhouse-backend-course/Desafio Clase 34/public/views/inputForm.hbs", "Handlebars", 0, 0, 0, 0, 0, 0, 25, 0, 0, 0, 0, 0, 0, 25
"/Users/turco/WebDev/coderhouse-backend-course/Desafio Clase 34/public/views/layouts/main.hbs", "Handlebars", 0, 0, 0, 0, 0, 0, 13, 0, 0, 0, 0, 0, 0, 13
"/Users/turco/WebDev/coderhouse-backend-course/Desafio Clase 34/public/views/login.hbs", "Handlebars", 0, 0, 0, 0, 0, 0, 11, 0, 0, 0, 0, 0, 0, 11
"/Users/turco/WebDev/coderhouse-backend-course/Desafio Clase 34/public/views/loginError.hbs", "Handlebars", 0, 0, 0, 0, 0, 0, 4, 0, 0, 0, 0, 0, 0, 4
"/Users/turco/WebDev/coderhouse-backend-course/Desafio Clase 34/public/views/logout.hbs", "Handlebars", 0, 0, 0, 0, 0, 0, 4, 0, 0, 0, 0, 0, 0, 4
"/Users/turco/WebDev/coderhouse-backend-course/Desafio Clase 34/public/views/register.hbs", "Handlebars", 0, 0, 0, 0, 0, 0, 11, 0, 0, 0, 0, 0, 0, 11
"/Users/turco/WebDev/coderhouse-backend-course/Desafio Clase 34/public/views/registerError.hbs", "Handlebars", 0, 0, 0, 0, 0, 0, 4, 0, 0, 0, 0, 0, 0, 4
"/Users/turco/WebDev/coderhouse-backend-course/Desafio Clase 34/routes/router1.js", "JavaScript", 94, 0, 0, 0, 0, 0, 0, 0, 0, 0, 0, 0, 14, 108
"/Users/turco/WebDev/coderhouse-backend-course/Desafio Clase 34/routes/routerChild.js", "JavaScript", 14, 0, 0, 0, 0, 0, 0, 0, 0, 0, 0, 0, 4, 18
"/Users/turco/WebDev/coderhouse-backend-course/Desafio Clase 34/serverAPIRandom.js", "JavaScript", 51, 0, 0, 0, 0, 0, 0, 0, 0, 0, 0, 0, 16, 67
"/Users/turco/WebDev/coderhouse-backend-course/Desafio Clase 34/warn.log", "Log", 0, 0, 0, 0, 0, 0, 0, 0, 0, 0, 0, 0, 1, 1
"/Users/turco/WebDev/coderhouse-backend-course/Desafio Clase 36/.env", "Properties", 0, 0, 0, 0, 0, 0, 0, 3, 0, 0, 0, 0, 0, 3
"/Users/turco/WebDev/coderhouse-backend-course/Desafio Clase 36/benchmark.js", "JavaScript", 17, 0, 0, 0, 0, 0, 0, 0, 0, 0, 0, 0, 7, 24
"/Users/turco/WebDev/coderhouse-backend-course/Desafio Clase 36/config/firestoreConfig.js", "JavaScript", 14, 0, 0, 0, 0, 0, 0, 0, 0, 0, 0, 0, 5, 19
"/Users/turco/WebDev/coderhouse-backend-course/Desafio Clase 36/desafioClase36.js", "JavaScript", 132, 0, 0, 0, 0, 0, 0, 0, 0, 0, 0, 0, 40, 172
"/Users/turco/WebDev/coderhouse-backend-course/Desafio Clase 36/error.log", "Log", 0, 0, 0, 0, 0, 0, 0, 0, 23, 0, 0, 0, 1, 24
"/Users/turco/WebDev/coderhouse-backend-course/Desafio Clase 36/lib/log4js.js", "JavaScript", 28, 0, 0, 0, 0, 0, 0, 0, 0, 0, 0, 0, 5, 33
"/Users/turco/WebDev/coderhouse-backend-course/Desafio Clase 36/lib/pasport.lib.js", "JavaScript", 51, 0, 0, 0, 0, 0, 0, 0, 0, 0, 0, 0, 14, 65
"/Users/turco/WebDev/coderhouse-backend-course/Desafio Clase 36/lib/populate-store.js", "JavaScript", 21, 0, 0, 0, 0, 0, 0, 0, 0, 0, 0, 1, 7, 29
"/Users/turco/WebDev/coderhouse-backend-course/Desafio Clase 36/models/user.model.js", "JavaScript", 23, 0, 0, 0, 0, 0, 0, 0, 0, 0, 0, 0, 4, 27
"/Users/turco/WebDev/coderhouse-backend-course/Desafio Clase 36/persistance.js", "JavaScript", 25, 0, 0, 0, 0, 0, 0, 0, 0, 0, 0, 1, 9, 35
"/Users/turco/WebDev/coderhouse-backend-course/Desafio Clase 36/public/client.socket.js", "JavaScript", 56, 0, 0, 0, 0, 0, 0, 0, 0, 0, 0, 0, 19, 75
"/Users/turco/WebDev/coderhouse-backend-course/Desafio Clase 36/public/views/cart.hbs", "Handlebars", 0, 0, 0, 0, 0, 0, 18, 0, 0, 0, 0, 0, 0, 18
"/Users/turco/WebDev/coderhouse-backend-course/Desafio Clase 36/public/views/fakeProds.hbs", "Handlebars", 0, 0, 0, 0, 0, 0, 15, 0, 0, 0, 0, 0, 0, 15
"/Users/turco/WebDev/coderhouse-backend-course/Desafio Clase 36/public/views/info.hbs", "Handlebars", 0, 0, 0, 0, 0, 0, 10, 0, 0, 0, 0, 0, 0, 10
"/Users/turco/WebDev/coderhouse-backend-course/Desafio Clase 36/public/views/inputForm.hbs", "Handlebars", 0, 0, 0, 0, 0, 0, 47, 0, 0, 0, 0, 0, 1, 48
"/Users/turco/WebDev/coderhouse-backend-course/Desafio Clase 36/public/views/layouts/main.hbs", "Handlebars", 0, 0, 0, 0, 0, 0, 13, 0, 0, 0, 0, 0, 0, 13
"/Users/turco/WebDev/coderhouse-backend-course/Desafio Clase 36/public/views/login.hbs", "Handlebars", 0, 0, 0, 0, 0, 0, 11, 0, 0, 0, 0, 0, 0, 11
"/Users/turco/WebDev/coderhouse-backend-course/Desafio Clase 36/public/views/loginError.hbs", "Handlebars", 0, 0, 0, 0, 0, 0, 4, 0, 0, 0, 0, 0, 0, 4
"/Users/turco/WebDev/coderhouse-backend-course/Desafio Clase 36/public/views/logout.hbs", "Handlebars", 0, 0, 0, 0, 0, 0, 4, 0, 0, 0, 0, 0, 0, 4
"/Users/turco/WebDev/coderhouse-backend-course/Desafio Clase 36/public/views/register.hbs", "Handlebars", 0, 0, 0, 0, 0, 0, 21, 0, 0, 0, 0, 8, 0, 29
"/Users/turco/WebDev/coderhouse-backend-course/Desafio Clase 36/public/views/registerError.hbs", "Handlebars", 0, 0, 0, 0, 0, 0, 4, 0, 0, 0, 0, 0, 0, 4
"/Users/turco/WebDev/coderhouse-backend-course/Desafio Clase 36/routes/router1.js", "JavaScript", 214, 0, 0, 0, 0, 0, 0, 0, 0, 0, 0, 0, 33, 247
"/Users/turco/WebDev/coderhouse-backend-course/Desafio Clase 36/routes/routerChild.js", "JavaScript", 14, 0, 0, 0, 0, 0, 0, 0, 0, 0, 0, 0, 4, 18
"/Users/turco/WebDev/coderhouse-backend-course/Desafio Clase 36/serverAPIRandom.js", "JavaScript", 51, 0, 0, 0, 0, 0, 0, 0, 0, 0, 0, 0, 16, 67
"/Users/turco/WebDev/coderhouse-backend-course/Desafio Clase 36/warn.log", "Log", 0, 0, 0, 0, 0, 0, 0, 0, 75, 0, 0, 0, 1, 76
"/Users/turco/WebDev/coderhouse-backend-course/Desafio Clase 38/.env", "Properties", 0, 0, 0, 0, 0, 0, 0, 3, 0, 0, 0, 0, 0, 3
"/Users/turco/WebDev/coderhouse-backend-course/Desafio Clase 38/config/firestoreConfig.js", "JavaScript", 14, 0, 0, 0, 0, 0, 0, 0, 0, 0, 0, 0, 5, 19
"/Users/turco/WebDev/coderhouse-backend-course/Desafio Clase 38/controllers/controller.js", "JavaScript", 112, 0, 0, 0, 0, 0, 0, 0, 0, 0, 0, 0, 23, 135
"/Users/turco/WebDev/coderhouse-backend-course/Desafio Clase 38/desafioClase38.js", "JavaScript", 132, 0, 0, 0, 0, 0, 0, 0, 0, 0, 0, 0, 40, 172
"/Users/turco/WebDev/coderhouse-backend-course/Desafio Clase 38/error.log", "Log", 0, 0, 0, 0, 0, 0, 0, 0, 24, 0, 0, 0, 1, 25
"/Users/turco/WebDev/coderhouse-backend-course/Desafio Clase 38/lib/log4js.js", "JavaScript", 28, 0, 0, 0, 0, 0, 0, 0, 0, 0, 0, 0, 5, 33
"/Users/turco/WebDev/coderhouse-backend-course/Desafio Clase 38/lib/pasport.lib.js", "JavaScript", 51, 0, 0, 0, 0, 0, 0, 0, 0, 0, 0, 0, 14, 65
"/Users/turco/WebDev/coderhouse-backend-course/Desafio Clase 38/lib/populate-store.js", "JavaScript", 21, 0, 0, 0, 0, 0, 0, 0, 0, 0, 0, 1, 7, 29
"/Users/turco/WebDev/coderhouse-backend-course/Desafio Clase 38/models/user.model.js", "JavaScript", 23, 0, 0, 0, 0, 0, 0, 0, 0, 0, 0, 0, 4, 27
"/Users/turco/WebDev/coderhouse-backend-course/Desafio Clase 38/persistance/persistance_chat.js", "JavaScript", 25, 0, 0, 0, 0, 0, 0, 0, 0, 0, 0, 1, 9, 35
"/Users/turco/WebDev/coderhouse-backend-course/Desafio Clase 38/persistance/persistance_ecom.js", "JavaScript", 31, 0, 0, 0, 0, 0, 0, 0, 0, 0, 0, 0, 9, 40
"/Users/turco/WebDev/coderhouse-backend-course/Desafio Clase 38/public/client.socket.js", "JavaScript", 56, 0, 0, 0, 0, 0, 0, 0, 0, 0, 0, 0, 19, 75
"/Users/turco/WebDev/coderhouse-backend-course/Desafio Clase 38/public/views/cart.hbs", "Handlebars", 0, 0, 0, 0, 0, 0, 18, 0, 0, 0, 0, 0, 0, 18
"/Users/turco/WebDev/coderhouse-backend-course/Desafio Clase 38/public/views/fakeProds.hbs", "Handlebars", 0, 0, 0, 0, 0, 0, 15, 0, 0, 0, 0, 0, 0, 15
"/Users/turco/WebDev/coderhouse-backend-course/Desafio Clase 38/public/views/info.hbs", "Handlebars", 0, 0, 0, 0, 0, 0, 10, 0, 0, 0, 0, 0, 0, 10
"/Users/turco/WebDev/coderhouse-backend-course/Desafio Clase 38/public/views/inputForm.hbs", "Handlebars", 0, 0, 0, 0, 0, 0, 47, 0, 0, 0, 0, 0, 1, 48
"/Users/turco/WebDev/coderhouse-backend-course/Desafio Clase 38/public/views/layouts/main.hbs", "Handlebars", 0, 0, 0, 0, 0, 0, 13, 0, 0, 0, 0, 0, 0, 13
"/Users/turco/WebDev/coderhouse-backend-course/Desafio Clase 38/public/views/login.hbs", "Handlebars", 0, 0, 0, 0, 0, 0, 11, 0, 0, 0, 0, 0, 0, 11
"/Users/turco/WebDev/coderhouse-backend-course/Desafio Clase 38/public/views/loginError.hbs", "Handlebars", 0, 0, 0, 0, 0, 0, 4, 0, 0, 0, 0, 0, 0, 4
"/Users/turco/WebDev/coderhouse-backend-course/Desafio Clase 38/public/views/logout.hbs", "Handlebars", 0, 0, 0, 0, 0, 0, 4, 0, 0, 0, 0, 0, 0, 4
"/Users/turco/WebDev/coderhouse-backend-course/Desafio Clase 38/public/views/register.hbs", "Handlebars", 0, 0, 0, 0, 0, 0, 21, 0, 0, 0, 0, 8, 0, 29
"/Users/turco/WebDev/coderhouse-backend-course/Desafio Clase 38/public/views/registerError.hbs", "Handlebars", 0, 0, 0, 0, 0, 0, 4, 0, 0, 0, 0, 0, 0, 4
"/Users/turco/WebDev/coderhouse-backend-course/Desafio Clase 38/routes/router1.js", "JavaScript", 24, 0, 0, 0, 0, 0, 0, 0, 0, 0, 0, 0, 14, 38
"/Users/turco/WebDev/coderhouse-backend-course/Desafio Clase 38/routes/routerChild.js", "JavaScript", 14, 0, 0, 0, 0, 0, 0, 0, 0, 0, 0, 0, 4, 18
"/Users/turco/WebDev/coderhouse-backend-course/Desafio Clase 38/serverAPIRandom.js", "JavaScript", 51, 0, 0, 0, 0, 0, 0, 0, 0, 0, 0, 0, 16, 67
"/Users/turco/WebDev/coderhouse-backend-course/Desafio Clase 38/services/services.js", "JavaScript", 50, 0, 0, 0, 0, 0, 0, 0, 0, 0, 0, 0, 10, 60
"/Users/turco/WebDev/coderhouse-backend-course/Desafio Clase 38/warn.log", "Log", 0, 0, 0, 0, 0, 0, 0, 0, 76, 0, 0, 0, 1, 77
"/Users/turco/WebDev/coderhouse-backend-course/Desafio Clase 4/desafioClase4.js", "JavaScript", 89, 0, 0, 0, 0, 0, 0, 0, 0, 0, 0, 20, 24, 133
"/Users/turco/WebDev/coderhouse-backend-course/Desafio Clase 40/.env", "Properties", 0, 0, 0, 0, 0, 0, 0, 3, 0, 0, 0, 0, 0, 3
"/Users/turco/WebDev/coderhouse-backend-course/Desafio Clase 40/config/firestoreConfig.js", "JavaScript", 14, 0, 0, 0, 0, 0, 0, 0, 0, 0, 0, 0, 5, 19
"/Users/turco/WebDev/coderhouse-backend-course/Desafio Clase 40/config/mongoConfig.js", "JavaScript", 26, 0, 0, 0, 0, 0, 0, 0, 0, 0, 0, 0, 5, 31
"/Users/turco/WebDev/coderhouse-backend-course/Desafio Clase 40/controllers/controller.js", "JavaScript", 116, 0, 0, 0, 0, 0, 0, 0, 0, 0, 0, 0, 23, 139
"/Users/turco/WebDev/coderhouse-backend-course/Desafio Clase 40/desafioClase40.js", "JavaScript", 132, 0, 0, 0, 0, 0, 0, 0, 0, 0, 0, 0, 40, 172
"/Users/turco/WebDev/coderhouse-backend-course/Desafio Clase 40/error.log", "Log", 0, 0, 0, 0, 0, 0, 0, 0, 24, 0, 0, 0, 1, 25
"/Users/turco/WebDev/coderhouse-backend-course/Desafio Clase 40/lib/log4js.js", "JavaScript", 28, 0, 0, 0, 0, 0, 0, 0, 0, 0, 0, 0, 5, 33
"/Users/turco/WebDev/coderhouse-backend-course/Desafio Clase 40/lib/pasport.lib.js", "JavaScript", 51, 0, 0, 0, 0, 0, 0, 0, 0, 0, 0, 0, 14, 65
"/Users/turco/WebDev/coderhouse-backend-course/Desafio Clase 40/lib/populate-store.js", "JavaScript", 21, 0, 0, 0, 0, 0, 0, 0, 0, 0, 0, 1, 7, 29
"/Users/turco/WebDev/coderhouse-backend-course/Desafio Clase 40/models/user.model.js", "JavaScript", 23, 0, 0, 0, 0, 0, 0, 0, 0, 0, 0, 0, 4, 27
"/Users/turco/WebDev/coderhouse-backend-course/Desafio Clase 40/persistance/factory_ecom.js", "JavaScript", 12, 0, 0, 0, 0, 0, 0, 0, 0, 0, 0, 0, 1, 13
"/Users/turco/WebDev/coderhouse-backend-course/Desafio Clase 40/persistance/persistance_chat.js", "JavaScript", 25, 0, 0, 0, 0, 0, 0, 0, 0, 0, 0, 1, 9, 35
"/Users/turco/WebDev/coderhouse-backend-course/Desafio Clase 40/persistance/persistance_ecom.js", "JavaScript", 65, 0, 0, 0, 0, 0, 0, 0, 0, 0, 0, 0, 15, 80
"/Users/turco/WebDev/coderhouse-backend-course/Desafio Clase 40/public/client.socket.js", "JavaScript", 56, 0, 0, 0, 0, 0, 0, 0, 0, 0, 0, 0, 19, 75
"/Users/turco/WebDev/coderhouse-backend-course/Desafio Clase 40/public/views/cart.hbs", "Handlebars", 0, 0, 0, 0, 0, 0, 18, 0, 0, 0, 0, 0, 0, 18
"/Users/turco/WebDev/coderhouse-backend-course/Desafio Clase 40/public/views/fakeProds.hbs", "Handlebars", 0, 0, 0, 0, 0, 0, 15, 0, 0, 0, 0, 0, 0, 15
"/Users/turco/WebDev/coderhouse-backend-course/Desafio Clase 40/public/views/info.hbs", "Handlebars", 0, 0, 0, 0, 0, 0, 10, 0, 0, 0, 0, 0, 0, 10
"/Users/turco/WebDev/coderhouse-backend-course/Desafio Clase 40/public/views/inputForm.hbs", "Handlebars", 0, 0, 0, 0, 0, 0, 47, 0, 0, 0, 0, 0, 1, 48
"/Users/turco/WebDev/coderhouse-backend-course/Desafio Clase 40/public/views/layouts/main.hbs", "Handlebars", 0, 0, 0, 0, 0, 0, 13, 0, 0, 0, 0, 0, 0, 13
"/Users/turco/WebDev/coderhouse-backend-course/Desafio Clase 40/public/views/login.hbs", "Handlebars", 0, 0, 0, 0, 0, 0, 11, 0, 0, 0, 0, 0, 0, 11
"/Users/turco/WebDev/coderhouse-backend-course/Desafio Clase 40/public/views/loginError.hbs", "Handlebars", 0, 0, 0, 0, 0, 0, 4, 0, 0, 0, 0, 0, 0, 4
"/Users/turco/WebDev/coderhouse-backend-course/Desafio Clase 40/public/views/logout.hbs", "Handlebars", 0, 0, 0, 0, 0, 0, 4, 0, 0, 0, 0, 0, 0, 4
"/Users/turco/WebDev/coderhouse-backend-course/Desafio Clase 40/public/views/register.hbs", "Handlebars", 0, 0, 0, 0, 0, 0, 21, 0, 0, 0, 0, 8, 0, 29
"/Users/turco/WebDev/coderhouse-backend-course/Desafio Clase 40/public/views/registerError.hbs", "Handlebars", 0, 0, 0, 0, 0, 0, 4, 0, 0, 0, 0, 0, 0, 4
"/Users/turco/WebDev/coderhouse-backend-course/Desafio Clase 40/routes/router1.js", "JavaScript", 24, 0, 0, 0, 0, 0, 0, 0, 0, 0, 0, 0, 14, 38
"/Users/turco/WebDev/coderhouse-backend-course/Desafio Clase 40/routes/routerChild.js", "JavaScript", 14, 0, 0, 0, 0, 0, 0, 0, 0, 0, 0, 0, 4, 18
"/Users/turco/WebDev/coderhouse-backend-course/Desafio Clase 40/serverAPIRandom.js", "JavaScript", 51, 0, 0, 0, 0, 0, 0, 0, 0, 0, 0, 0, 16, 67
"/Users/turco/WebDev/coderhouse-backend-course/Desafio Clase 40/services/services.js", "JavaScript", 50, 0, 0, 0, 0, 0, 0, 0, 0, 0, 0, 0, 10, 60
"/Users/turco/WebDev/coderhouse-backend-course/Desafio Clase 40/warn.log", "Log", 0, 0, 0, 0, 0, 0, 0, 0, 76, 0, 0, 0, 1, 77
"/Users/turco/WebDev/coderhouse-backend-course/Desafio Clase 42/.env", "Properties", 0, 0, 0, 0, 0, 0, 0, 3, 0, 0, 0, 0, 0, 3
"/Users/turco/WebDev/coderhouse-backend-course/Desafio Clase 42/config/firestoreConfig.js", "JavaScript", 14, 0, 0, 0, 0, 0, 0, 0, 0, 0, 0, 0, 5, 19
"/Users/turco/WebDev/coderhouse-backend-course/Desafio Clase 42/config/mongoConfig.js", "JavaScript", 26, 0, 0, 0, 0, 0, 0, 0, 0, 0, 0, 0, 5, 31
"/Users/turco/WebDev/coderhouse-backend-course/Desafio Clase 42/controllers/controller.js", "JavaScript", 116, 0, 0, 0, 0, 0, 0, 0, 0, 0, 0, 0, 23, 139
"/Users/turco/WebDev/coderhouse-backend-course/Desafio Clase 42/desafioClase42.js", "JavaScript", 132, 0, 0, 0, 0, 0, 0, 0, 0, 0, 0, 0, 40, 172
"/Users/turco/WebDev/coderhouse-backend-course/Desafio Clase 42/error.log", "Log", 0, 0, 0, 0, 0, 0, 0, 0, 24, 0, 0, 0, 1, 25
"/Users/turco/WebDev/coderhouse-backend-course/Desafio Clase 42/lib/log4js.js", "JavaScript", 28, 0, 0, 0, 0, 0, 0, 0, 0, 0, 0, 0, 5, 33
"/Users/turco/WebDev/coderhouse-backend-course/Desafio Clase 42/lib/pasport.lib.js", "JavaScript", 51, 0, 0, 0, 0, 0, 0, 0, 0, 0, 0, 0, 14, 65
"/Users/turco/WebDev/coderhouse-backend-course/Desafio Clase 42/lib/populate-store.js", "JavaScript", 21, 0, 0, 0, 0, 0, 0, 0, 0, 0, 0, 1, 7, 29
"/Users/turco/WebDev/coderhouse-backend-course/Desafio Clase 42/models/user.model.js", "JavaScript", 23, 0, 0, 0, 0, 0, 0, 0, 0, 0, 0, 0, 4, 27
"/Users/turco/WebDev/coderhouse-backend-course/Desafio Clase 42/persistance/factory_ecom.js", "JavaScript", 12, 0, 0, 0, 0, 0, 0, 0, 0, 0, 0, 0, 1, 13
"/Users/turco/WebDev/coderhouse-backend-course/Desafio Clase 42/persistance/persistance_chat.js", "JavaScript", 25, 0, 0, 0, 0, 0, 0, 0, 0, 0, 0, 1, 9, 35
"/Users/turco/WebDev/coderhouse-backend-course/Desafio Clase 42/persistance/persistance_ecom.js", "JavaScript", 65, 0, 0, 0, 0, 0, 0, 0, 0, 0, 0, 0, 15, 80
"/Users/turco/WebDev/coderhouse-backend-course/Desafio Clase 42/public/client.socket.js", "JavaScript", 56, 0, 0, 0, 0, 0, 0, 0, 0, 0, 0, 0, 19, 75
"/Users/turco/WebDev/coderhouse-backend-course/Desafio Clase 42/public/views/cart.hbs", "Handlebars", 0, 0, 0, 0, 0, 0, 18, 0, 0, 0, 0, 0, 0, 18
"/Users/turco/WebDev/coderhouse-backend-course/Desafio Clase 42/public/views/fakeProds.hbs", "Handlebars", 0, 0, 0, 0, 0, 0, 15, 0, 0, 0, 0, 0, 0, 15
"/Users/turco/WebDev/coderhouse-backend-course/Desafio Clase 42/public/views/info.hbs", "Handlebars", 0, 0, 0, 0, 0, 0, 10, 0, 0, 0, 0, 0, 0, 10
"/Users/turco/WebDev/coderhouse-backend-course/Desafio Clase 42/public/views/inputForm.hbs", "Handlebars", 0, 0, 0, 0, 0, 0, 47, 0, 0, 0, 0, 0, 1, 48
"/Users/turco/WebDev/coderhouse-backend-course/Desafio Clase 42/public/views/layouts/main.hbs", "Handlebars", 0, 0, 0, 0, 0, 0, 13, 0, 0, 0, 0, 0, 0, 13
"/Users/turco/WebDev/coderhouse-backend-course/Desafio Clase 42/public/views/login.hbs", "Handlebars", 0, 0, 0, 0, 0, 0, 11, 0, 0, 0, 0, 0, 0, 11
"/Users/turco/WebDev/coderhouse-backend-course/Desafio Clase 42/public/views/loginError.hbs", "Handlebars", 0, 0, 0, 0, 0, 0, 4, 0, 0, 0, 0, 0, 0, 4
"/Users/turco/WebDev/coderhouse-backend-course/Desafio Clase 42/public/views/logout.hbs", "Handlebars", 0, 0, 0, 0, 0, 0, 4, 0, 0, 0, 0, 0, 0, 4
"/Users/turco/WebDev/coderhouse-backend-course/Desafio Clase 42/public/views/register.hbs", "Handlebars", 0, 0, 0, 0, 0, 0, 21, 0, 0, 0, 0, 8, 0, 29
"/Users/turco/WebDev/coderhouse-backend-course/Desafio Clase 42/public/views/registerError.hbs", "Handlebars", 0, 0, 0, 0, 0, 0, 4, 0, 0, 0, 0, 0, 0, 4
"/Users/turco/WebDev/coderhouse-backend-course/Desafio Clase 42/routes/router1.js", "JavaScript", 24, 0, 0, 0, 0, 0, 0, 0, 0, 0, 0, 0, 14, 38
"/Users/turco/WebDev/coderhouse-backend-course/Desafio Clase 42/routes/routerChild.js", "JavaScript", 14, 0, 0, 0, 0, 0, 0, 0, 0, 0, 0, 0, 4, 18
"/Users/turco/WebDev/coderhouse-backend-course/Desafio Clase 42/serverAPIRandom.js", "JavaScript", 51, 0, 0, 0, 0, 0, 0, 0, 0, 0, 0, 0, 16, 67
"/Users/turco/WebDev/coderhouse-backend-course/Desafio Clase 42/services/services.js", "JavaScript", 50, 0, 0, 0, 0, 0, 0, 0, 0, 0, 0, 0, 10, 60
"/Users/turco/WebDev/coderhouse-backend-course/Desafio Clase 42/tests/api.test.js", "JavaScript", 22, 0, 0, 0, 0, 0, 0, 0, 0, 0, 0, 0, 8, 30
"/Users/turco/WebDev/coderhouse-backend-course/Desafio Clase 42/tests/axiosConfig.js", "JavaScript", 3, 0, 0, 0, 0, 0, 0, 0, 0, 0, 0, 0, 2, 5
"/Users/turco/WebDev/coderhouse-backend-course/Desafio Clase 42/tests/axiosTest.js", "JavaScript", 22, 0, 0, 0, 0, 0, 0, 0, 0, 0, 0, 0, 3, 25
"/Users/turco/WebDev/coderhouse-backend-course/Desafio Clase 42/warn.log", "Log", 0, 0, 0, 0, 0, 0, 0, 0, 76, 0, 0, 0, 1, 77
"/Users/turco/WebDev/coderhouse-backend-course/Desafio Clase 44/.env", "Properties", 0, 0, 0, 0, 0, 0, 0, 3, 0, 0, 0, 0, 0, 3
"/Users/turco/WebDev/coderhouse-backend-course/Desafio Clase 44/config/firestoreConfig.js", "JavaScript", 14, 0, 0, 0, 0, 0, 0, 0, 0, 0, 0, 0, 5, 19
"/Users/turco/WebDev/coderhouse-backend-course/Desafio Clase 44/config/mongoConfig.js", "JavaScript", 26, 0, 0, 0, 0, 0, 0, 0, 0, 0, 0, 0, 5, 31
"/Users/turco/WebDev/coderhouse-backend-course/Desafio Clase 44/controllers/controller.js", "JavaScript", 116, 0, 0, 0, 0, 0, 0, 0, 0, 0, 0, 0, 23, 139
"/Users/turco/WebDev/coderhouse-backend-course/Desafio Clase 44/desafioClase44.js", "JavaScript", 144, 0, 0, 0, 0, 0, 0, 0, 0, 0, 0, 0, 41, 185
"/Users/turco/WebDev/coderhouse-backend-course/Desafio Clase 44/error.log", "Log", 0, 0, 0, 0, 0, 0, 0, 0, 24, 0, 0, 0, 1, 25
"/Users/turco/WebDev/coderhouse-backend-course/Desafio Clase 44/graphql/product.schema.js", "JavaScript", 20, 0, 0, 0, 0, 0, 0, 0, 0, 0, 0, 0, 2, 22
"/Users/turco/WebDev/coderhouse-backend-course/Desafio Clase 44/lib/log4js.js", "JavaScript", 28, 0, 0, 0, 0, 0, 0, 0, 0, 0, 0, 0, 5, 33
"/Users/turco/WebDev/coderhouse-backend-course/Desafio Clase 44/lib/pasport.lib.js", "JavaScript", 51, 0, 0, 0, 0, 0, 0, 0, 0, 0, 0, 0, 14, 65
"/Users/turco/WebDev/coderhouse-backend-course/Desafio Clase 44/lib/populate-store.js", "JavaScript", 21, 0, 0, 0, 0, 0, 0, 0, 0, 0, 0, 1, 7, 29
"/Users/turco/WebDev/coderhouse-backend-course/Desafio Clase 44/models/user.model.js", "JavaScript", 23, 0, 0, 0, 0, 0, 0, 0, 0, 0, 0, 0, 4, 27
"/Users/turco/WebDev/coderhouse-backend-course/Desafio Clase 44/persistance/factory_ecom.js", "JavaScript", 12, 0, 0, 0, 0, 0, 0, 0, 0, 0, 0, 0, 1, 13
"/Users/turco/WebDev/coderhouse-backend-course/Desafio Clase 44/persistance/persistance_chat.js", "JavaScript", 25, 0, 0, 0, 0, 0, 0, 0, 0, 0, 0, 1, 9, 35
"/Users/turco/WebDev/coderhouse-backend-course/Desafio Clase 44/persistance/persistance_ecom.js", "JavaScript", 65, 0, 0, 0, 0, 0, 0, 0, 0, 0, 0, 0, 15, 80
"/Users/turco/WebDev/coderhouse-backend-course/Desafio Clase 44/public/client.socket.js", "JavaScript", 56, 0, 0, 0, 0, 0, 0, 0, 0, 0, 0, 0, 19, 75
"/Users/turco/WebDev/coderhouse-backend-course/Desafio Clase 44/public/views/cart.hbs", "Handlebars", 0, 0, 0, 0, 0, 0, 18, 0, 0, 0, 0, 0, 0, 18
"/Users/turco/WebDev/coderhouse-backend-course/Desafio Clase 44/public/views/fakeProds.hbs", "Handlebars", 0, 0, 0, 0, 0, 0, 15, 0, 0, 0, 0, 0, 0, 15
"/Users/turco/WebDev/coderhouse-backend-course/Desafio Clase 44/public/views/info.hbs", "Handlebars", 0, 0, 0, 0, 0, 0, 10, 0, 0, 0, 0, 0, 0, 10
"/Users/turco/WebDev/coderhouse-backend-course/Desafio Clase 44/public/views/inputForm.hbs", "Handlebars", 0, 0, 0, 0, 0, 0, 47, 0, 0, 0, 0, 0, 1, 48
"/Users/turco/WebDev/coderhouse-backend-course/Desafio Clase 44/public/views/layouts/main.hbs", "Handlebars", 0, 0, 0, 0, 0, 0, 13, 0, 0, 0, 0, 0, 0, 13
"/Users/turco/WebDev/coderhouse-backend-course/Desafio Clase 44/public/views/login.hbs", "Handlebars", 0, 0, 0, 0, 0, 0, 11, 0, 0, 0, 0, 0, 0, 11
"/Users/turco/WebDev/coderhouse-backend-course/Desafio Clase 44/public/views/loginError.hbs", "Handlebars", 0, 0, 0, 0, 0, 0, 4, 0, 0, 0, 0, 0, 0, 4
"/Users/turco/WebDev/coderhouse-backend-course/Desafio Clase 44/public/views/logout.hbs", "Handlebars", 0, 0, 0, 0, 0, 0, 4, 0, 0, 0, 0, 0, 0, 4
"/Users/turco/WebDev/coderhouse-backend-course/Desafio Clase 44/public/views/register.hbs", "Handlebars", 0, 0, 0, 0, 0, 0, 21, 0, 0, 0, 0, 8, 0, 29
"/Users/turco/WebDev/coderhouse-backend-course/Desafio Clase 44/public/views/registerError.hbs", "Handlebars", 0, 0, 0, 0, 0, 0, 4, 0, 0, 0, 0, 0, 0, 4
"/Users/turco/WebDev/coderhouse-backend-course/Desafio Clase 44/routes/router1.js", "JavaScript", 24, 0, 0, 0, 0, 0, 0, 0, 0, 0, 0, 0, 14, 38
"/Users/turco/WebDev/coderhouse-backend-course/Desafio Clase 44/routes/routerChild.js", "JavaScript", 14, 0, 0, 0, 0, 0, 0, 0, 0, 0, 0, 0, 4, 18
"/Users/turco/WebDev/coderhouse-backend-course/Desafio Clase 44/serverAPIRandom.js", "JavaScript", 51, 0, 0, 0, 0, 0, 0, 0, 0, 0, 0, 0, 16, 67
"/Users/turco/WebDev/coderhouse-backend-course/Desafio Clase 44/services/services.js", "JavaScript", 50, 0, 0, 0, 0, 0, 0, 0, 0, 0, 0, 0, 10, 60
"/Users/turco/WebDev/coderhouse-backend-course/Desafio Clase 44/tests/api.test.js", "JavaScript", 22, 0, 0, 0, 0, 0, 0, 0, 0, 0, 0, 0, 8, 30
"/Users/turco/WebDev/coderhouse-backend-course/Desafio Clase 44/tests/axiosConfig.js", "JavaScript", 3, 0, 0, 0, 0, 0, 0, 0, 0, 0, 0, 0, 2, 5
"/Users/turco/WebDev/coderhouse-backend-course/Desafio Clase 44/tests/axiosTest.js", "JavaScript", 22, 0, 0, 0, 0, 0, 0, 0, 0, 0, 0, 0, 3, 25
"/Users/turco/WebDev/coderhouse-backend-course/Desafio Clase 44/warn.log", "Log", 0, 0, 0, 0, 0, 0, 0, 0, 80, 0, 0, 0, 1, 81
"/Users/turco/WebDev/coderhouse-backend-course/Desafio Clase 46/ProductsAPI/Gruntfile.js", "JavaScript", 4, 0, 0, 0, 0, 0, 0, 0, 0, 0, 0, 16, 4, 24
"/Users/turco/WebDev/coderhouse-backend-course/Desafio Clase 46/ProductsAPI/README.md", "Markdown", 0, 0, 0, 0, 10, 0, 0, 0, 0, 0, 0, 4, 13, 27
"/Users/turco/WebDev/coderhouse-backend-course/Desafio Clase 46/ProductsAPI/api/controllers/ProductsController.js", "JavaScript", 2, 0, 0, 0, 0, 0, 0, 0, 0, 0, 0, 6, 5, 13
"/Users/turco/WebDev/coderhouse-backend-course/Desafio Clase 46/ProductsAPI/api/models/Products.js", "JavaScript", 8, 0, 0, 0, 0, 0, 0, 0, 0, 0, 0, 6, 5, 19
"/Users/turco/WebDev/coderhouse-backend-course/Desafio Clase 46/ProductsAPI/app.js", "JavaScript", 21, 0, 0, 0, 0, 0, 0, 0, 0, 0, 0, 26, 8, 55
"/Users/turco/WebDev/coderhouse-backend-course/Desafio Clase 46/ProductsAPI/assets/dependencies/sails.io.js", "JavaScript", 692, 0, 0, 0, 0, 0, 0, 0, 0, 0, 0, 753, 295, 1740
"/Users/turco/WebDev/coderhouse-backend-course/Desafio Clase 46/ProductsAPI/assets/styles/importer.less", "Less", 0, 0, 0, 0, 0, 0, 0, 0, 0, 0, 0, 23, 4, 27
"/Users/turco/WebDev/coderhouse-backend-course/Desafio Clase 46/ProductsAPI/config/blueprints.js", "JavaScript", 2, 0, 0, 0, 0, 0, 0, 0, 0, 0, 0, 29, 11, 42
"/Users/turco/WebDev/coderhouse-backend-course/Desafio Clase 46/ProductsAPI/config/bootstrap.js", "JavaScript", 2, 0, 0, 0, 0, 0, 0, 0, 0, 0, 0, 25, 4, 31
"/Users/turco/WebDev/coderhouse-backend-course/Desafio Clase 46/ProductsAPI/config/custom.js", "JavaScript", 2, 0, 0, 0, 0, 0, 0, 0, 0, 0, 0, 17, 4, 23
"/Users/turco/WebDev/coderhouse-backend-course/Desafio Clase 46/ProductsAPI/config/datastores.js", "JavaScript", 6, 0, 0, 0, 0, 0, 0, 0, 0, 0, 0, 43, 8, 57
"/Users/turco/WebDev/coderhouse-backend-course/Desafio Clase 46/ProductsAPI/config/env/production.js", "JavaScript", 33, 0, 0, 0, 0, 0, 0, 0, 0, 0, 0, 321, 59, 413
"/Users/turco/WebDev/coderhouse-backend-course/Desafio Clase 46/ProductsAPI/config/globals.js", "JavaScript", 6, 0, 0, 0, 0, 0, 0, 0, 0, 0, 0, 36, 11, 53
"/Users/turco/WebDev/coderhouse-backend-course/Desafio Clase 46/ProductsAPI/config/http.js", "JavaScript", 4, 0, 0, 0, 0, 0, 0, 0, 0, 0, 0, 46, 11, 61
"/Users/turco/WebDev/coderhouse-backend-course/Desafio Clase 46/ProductsAPI/config/i18n.js", "JavaScript", 3, 0, 0, 0, 0, 0, 0, 0, 0, 0, 0, 34, 9, 46
"/Users/turco/WebDev/coderhouse-backend-course/Desafio Clase 46/ProductsAPI/config/locales/de.json", "JSON", 0, 0, 0, 4, 0, 0, 0, 0, 0, 0, 0, 0, 1, 5
"/Users/turco/WebDev/coderhouse-backend-course/Desafio Clase 46/ProductsAPI/config/locales/en.json", "JSON", 0, 0, 0, 4, 0, 0, 0, 0, 0, 0, 0, 0, 1, 5
"/Users/turco/WebDev/coderhouse-backend-course/Desafio Clase 46/ProductsAPI/config/locales/es.json", "JSON", 0, 0, 0, 4, 0, 0, 0, 0, 0, 0, 0, 0, 1, 5
"/Users/turco/WebDev/coderhouse-backend-course/Desafio Clase 46/ProductsAPI/config/locales/fr.json", "JSON", 0, 0, 0, 4, 0, 0, 0, 0, 0, 0, 0, 0, 1, 5
"/Users/turco/WebDev/coderhouse-backend-course/Desafio Clase 46/ProductsAPI/config/log.js", "JavaScript", 2, 0, 0, 0, 0, 0, 0, 0, 0, 0, 0, 23, 5, 30
"/Users/turco/WebDev/coderhouse-backend-course/Desafio Clase 46/ProductsAPI/config/models.js", "JavaScript", 12, 0, 0, 0, 0, 0, 0, 0, 0, 0, 0, 94, 19, 125
"/Users/turco/WebDev/coderhouse-backend-course/Desafio Clase 46/ProductsAPI/config/policies.js", "JavaScript", 2, 0, 0, 0, 0, 0, 0, 0, 0, 0, 0, 16, 5, 23
"/Users/turco/WebDev/coderhouse-backend-course/Desafio Clase 46/ProductsAPI/config/routes.js", "JavaScript", 3, 0, 0, 0, 0, 0, 0, 0, 0, 0, 0, 27, 8, 38
"/Users/turco/WebDev/coderhouse-backend-course/Desafio Clase 46/ProductsAPI/config/security.js", "JavaScript", 2, 0, 0, 0, 0, 0, 0, 0, 0, 0, 0, 45, 8, 55
"/Users/turco/WebDev/coderhouse-backend-course/Desafio Clase 46/ProductsAPI/config/session.js", "JavaScript", 3, 0, 0, 0, 0, 0, 0, 0, 0, 0, 0, 31, 6, 40
"/Users/turco/WebDev/coderhouse-backend-course/Desafio Clase 46/ProductsAPI/config/sockets.js", "JavaScript", 2, 0, 0, 0, 0, 0, 0, 0, 0, 0, 0, 66, 15, 83
"/Users/turco/WebDev/coderhouse-backend-course/Desafio Clase 46/ProductsAPI/config/views.js", "JavaScript", 3, 0, 0, 0, 0, 0, 0, 0, 0, 0, 0, 32, 7, 42
"/Users/turco/WebDev/coderhouse-backend-course/Desafio Clase 46/ProductsAPI/package.json", "JSON", 0, 0, 0, 36, 0, 0, 0, 0, 0, 0, 0, 0, 1, 37
"/Users/turco/WebDev/coderhouse-backend-course/Desafio Clase 46/ProductsAPI/tasks/config/babel.js", "JavaScript", 17, 0, 0, 0, 0, 0, 0, 0, 0, 0, 0, 34, 4, 55
"/Users/turco/WebDev/coderhouse-backend-course/Desafio Clase 46/ProductsAPI/tasks/config/clean.js", "JavaScript", 3, 0, 0, 0, 0, 0, 0, 0, 0, 0, 0, 49, 1, 53
"/Users/turco/WebDev/coderhouse-backend-course/Desafio Clase 46/ProductsAPI/tasks/config/concat.js", "JavaScript", 12, 0, 0, 0, 0, 0, 0, 0, 0, 0, 0, 35, 4, 51
"/Users/turco/WebDev/coderhouse-backend-course/Desafio Clase 46/ProductsAPI/tasks/config/copy.js", "JavaScript", 16, 0, 0, 0, 0, 0, 0, 0, 0, 0, 0, 49, 1, 66
"/Users/turco/WebDev/coderhouse-backend-course/Desafio Clase 46/ProductsAPI/tasks/config/cssmin.js", "JavaScript", 8, 0, 0, 0, 0, 0, 0, 0, 0, 0, 0, 36, 4, 48
"/Users/turco/WebDev/coderhouse-backend-course/Desafio Clase 46/ProductsAPI/tasks/config/hash.js", "JavaScript", 17, 0, 0, 0, 0, 0, 0, 0, 0, 0, 0, 45, 1, 63
"/Users/turco/WebDev/coderhouse-backend-course/Desafio Clase 46/ProductsAPI/tasks/config/less.js", "JavaScript", 13, 0, 0, 0, 0, 0, 0, 0, 0, 0, 0, 34, 4, 51
"/Users/turco/WebDev/coderhouse-backend-course/Desafio Clase 46/ProductsAPI/tasks/config/sails-linker.js", "JavaScript", 94, 0, 0, 0, 0, 0, 0, 0, 0, 0, 0, 81, 10, 185
"/Users/turco/WebDev/coderhouse-backend-course/Desafio Clase 46/ProductsAPI/tasks/config/sync.js", "JavaScript", 6, 0, 0, 0, 0, 0, 0, 0, 0, 0, 0, 43, 1, 50
"/Users/turco/WebDev/coderhouse-backend-course/Desafio Clase 46/ProductsAPI/tasks/config/uglify.js", "JavaScript", 26, 0, 0, 0, 0, 0, 0, 0, 0, 0, 0, 34, 5, 65
"/Users/turco/WebDev/coderhouse-backend-course/Desafio Clase 46/ProductsAPI/tasks/config/watch.js", "JavaScript", 7, 0, 0, 0, 0, 0, 0, 0, 0, 0, 0, 48, 2, 57
"/Users/turco/WebDev/coderhouse-backend-course/Desafio Clase 46/ProductsAPI/tasks/pipeline.js", "JavaScript", 31, 0, 0, 0, 0, 0, 0, 0, 0, 0, 0, 99, 18, 148
"/Users/turco/WebDev/coderhouse-backend-course/Desafio Clase 46/ProductsAPI/tasks/register/build.js", "JavaScript", 8, 0, 0, 0, 0, 0, 0, 0, 0, 0, 0, 14, 1, 23
"/Users/turco/WebDev/coderhouse-backend-course/Desafio Clase 46/ProductsAPI/tasks/register/buildProd.js", "JavaScript", 16, 0, 0, 0, 0, 0, 0, 0, 0, 0, 0, 13, 2, 31
"/Users/turco/WebDev/coderhouse-backend-course/Desafio Clase 46/ProductsAPI/tasks/register/compileAssets.js", "JavaScript", 7, 0, 0, 0, 0, 0, 0, 0, 0, 0, 0, 9, 1, 17
"/Users/turco/WebDev/coderhouse-backend-course/Desafio Clase 46/ProductsAPI/tasks/register/default.js", "JavaScript", 7, 0, 0, 0, 0, 0, 0, 0, 0, 0, 0, 16, 5, 28
"/Users/turco/WebDev/coderhouse-backend-course/Desafio Clase 46/ProductsAPI/tasks/register/linkAssets.js", "JavaScript", 6, 0, 0, 0, 0, 0, 0, 0, 0, 0, 0, 9, 1, 16
"/Users/turco/WebDev/coderhouse-backend-course/Desafio Clase 46/ProductsAPI/tasks/register/linkAssetsBuild.js", "JavaScript", 6, 0, 0, 0, 0, 0, 0, 0, 0, 0, 0, 9, 1, 16
"/Users/turco/WebDev/coderhouse-backend-course/Desafio Clase 46/ProductsAPI/tasks/register/linkAssetsBuildProd.js", "JavaScript", 6, 0, 0, 0, 0, 0, 0, 0, 0, 0, 0, 9, 1, 16
"/Users/turco/WebDev/coderhouse-backend-course/Desafio Clase 46/ProductsAPI/tasks/register/polyfill.js", "JavaScript", 18, 0, 0, 0, 0, 0, 0, 0, 0, 0, 0, 9, 2, 29
"/Users/turco/WebDev/coderhouse-backend-course/Desafio Clase 46/ProductsAPI/tasks/register/prod.js", "JavaScript", 12, 0, 0, 0, 0, 0, 0, 0, 0, 0, 0, 13, 2, 27
"/Users/turco/WebDev/coderhouse-backend-course/Desafio Clase 46/ProductsAPI/tasks/register/syncAssets.js", "JavaScript", 6, 0, 0, 0, 0, 0, 0, 0, 0, 0, 0, 9, 1, 16
"/Users/turco/WebDev/coderhouse-backend-course/Desafio Clase 46/ProductsAPI/views/404.ejs", "HTML", 0, 0, 54, 0, 0, 0, 0, 0, 0, 0, 0, 0, 11, 65
"/Users/turco/WebDev/coderhouse-backend-course/Desafio Clase 46/ProductsAPI/views/500.ejs", "HTML", 0, 0, 55, 0, 0, 0, 0, 0, 0, 0, 0, 0, 9, 64
"/Users/turco/WebDev/coderhouse-backend-course/Desafio Clase 46/ProductsAPI/views/layouts/layout.ejs", "HTML", 0, 0, 14, 0, 0, 0, 0, 0, 0, 0, 0, 83, 16, 113
"/Users/turco/WebDev/coderhouse-backend-course/Desafio Clase 46/ProductsAPI/views/pages/homepage.ejs", "HTML", 0, 0, 68, 0, 0, 0, 0, 0, 0, 0, 0, 6, 5, 79
"/Users/turco/WebDev/coderhouse-backend-course/Desafio Clase 47/scripts.json", "JSON", 0, 0, 0, 9, 0, 0, 0, 0, 0, 0, 0, 0, 0, 9
"/Users/turco/WebDev/coderhouse-backend-course/Desafio Clase 47/server.ts", "TypeScript", 0, 0, 0, 0, 0, 14, 0, 0, 0, 0, 0, 0, 6, 20
"/Users/turco/WebDev/coderhouse-backend-course/Desafio Clase 6/desafioClase6.js", "JavaScript", 18, 0, 0, 0, 0, 0, 0, 0, 0, 0, 0, 0, 8, 26
"/Users/turco/WebDev/coderhouse-backend-course/Desafio Clase 8/desafioClase8.js", "JavaScript", 17, 0, 0, 0, 0, 0, 0, 0, 0, 0, 0, 0, 6, 23
"/Users/turco/WebDev/coderhouse-backend-course/Desafio Clase 8/public/index.html", "HTML", 0, 0, 30, 0, 0, 0, 0, 0, 0, 0, 0, 0, 0, 30
"/Users/turco/WebDev/coderhouse-backend-course/Desafio Clase 8/router1.js", "JavaScript", 19, 0, 0, 0, 0, 0, 0, 0, 0, 0, 0, 0, 7, 26
"/Users/turco/WebDev/coderhouse-backend-course/Desafio Clase 8/router2.js", "JavaScript", 30, 0, 0, 0, 0, 0, 0, 0, 0, 0, 0, 0, 10, 40
"/Users/turco/WebDev/coderhouse-backend-course/Entrega Final/.env", "Properties", 0, 0, 0, 0, 0, 0, 0, 4, 0, 0, 0, 0, 0, 4
"/Users/turco/WebDev/coderhouse-backend-course/Entrega Final/config/firestoreConfig.js", "JavaScript", 14, 0, 0, 0, 0, 0, 0, 0, 0, 0, 0, 0, 5, 19
"/Users/turco/WebDev/coderhouse-backend-course/Entrega Final/config/mongoConfig.js", "JavaScript", 28, 0, 0, 0, 0, 0, 0, 0, 0, 0, 0, 0, 6, 34
"/Users/turco/WebDev/coderhouse-backend-course/Entrega Final/controllers/controller.js", "JavaScript", 137, 0, 0, 0, 0, 0, 0, 0, 0, 0, 0, 0, 29, 166
"/Users/turco/WebDev/coderhouse-backend-course/Entrega Final/error.log", "Log", 0, 0, 0, 0, 0, 0, 0, 0, 24, 0, 0, 0, 1, 25
"/Users/turco/WebDev/coderhouse-backend-course/Entrega Final/lib/log4js.js", "JavaScript", 28, 0, 0, 0, 0, 0, 0, 0, 0, 0, 0, 0, 5, 33
"/Users/turco/WebDev/coderhouse-backend-course/Entrega Final/lib/pasport.lib.js", "JavaScript", 52, 0, 0, 0, 0, 0, 0, 0, 0, 0, 0, 0, 14, 66
"/Users/turco/WebDev/coderhouse-backend-course/Entrega Final/lib/populate-store.js", "JavaScript", 25, 0, 0, 0, 0, 0, 0, 0, 0, 0, 0, 1, 8, 34
"/Users/turco/WebDev/coderhouse-backend-course/Entrega Final/models/cart.model.js", "JavaScript", 6, 0, 0, 0, 0, 0, 0, 0, 0, 0, 0, 0, 2, 8
"/Users/turco/WebDev/coderhouse-backend-course/Entrega Final/models/product.model.js", "JavaScript", 9, 0, 0, 0, 0, 0, 0, 0, 0, 0, 0, 0, 3, 12
"/Users/turco/WebDev/coderhouse-backend-course/Entrega Final/models/user.model.js", "JavaScript", 11, 0, 0, 0, 0, 0, 0, 0, 0, 0, 0, 0, 2, 13
"/Users/turco/WebDev/coderhouse-backend-course/Entrega Final/persistance/factory_ecom.js", "JavaScript", 12, 0, 0, 0, 0, 0, 0, 0, 0, 0, 0, 0, 1, 13
"/Users/turco/WebDev/coderhouse-backend-course/Entrega Final/persistance/persistance_chat.js", "JavaScript", 35, 0, 0, 0, 0, 0, 0, 0, 0, 0, 0, 1, 13, 49
"/Users/turco/WebDev/coderhouse-backend-course/Entrega Final/persistance/persistance_ecom.js", "JavaScript", 86, 0, 0, 0, 0, 0, 0, 0, 0, 0, 0, 0, 18, 104
"/Users/turco/WebDev/coderhouse-backend-course/Entrega Final/public/client.socket.js", "JavaScript", 56, 0, 0, 0, 0, 0, 0, 0, 0, 0, 0, 0, 19, 75
"/Users/turco/WebDev/coderhouse-backend-course/Entrega Final/public/views/cart.hbs", "Handlebars", 0, 0, 0, 0, 0, 0, 18, 0, 0, 0, 0, 0, 0, 18
"/Users/turco/WebDev/coderhouse-backend-course/Entrega Final/public/views/fakeProds.hbs", "Handlebars", 0, 0, 0, 0, 0, 0, 15, 0, 0, 0, 0, 0, 0, 15
"/Users/turco/WebDev/coderhouse-backend-course/Entrega Final/public/views/info.hbs", "Handlebars", 0, 0, 0, 0, 0, 0, 10, 0, 0, 0, 0, 0, 0, 10
"/Users/turco/WebDev/coderhouse-backend-course/Entrega Final/public/views/layouts/main.hbs", "Handlebars", 0, 0, 0, 0, 0, 0, 13, 0, 0, 0, 0, 0, 0, 13
"/Users/turco/WebDev/coderhouse-backend-course/Entrega Final/public/views/login.hbs", "Handlebars", 0, 0, 0, 0, 0, 0, 11, 0, 0, 0, 0, 0, 0, 11
"/Users/turco/WebDev/coderhouse-backend-course/Entrega Final/public/views/loginError.hbs", "Handlebars", 0, 0, 0, 0, 0, 0, 4, 0, 0, 0, 0, 0, 0, 4
"/Users/turco/WebDev/coderhouse-backend-course/Entrega Final/public/views/logout.hbs", "Handlebars", 0, 0, 0, 0, 0, 0, 4, 0, 0, 0, 0, 0, 0, 4
"/Users/turco/WebDev/coderhouse-backend-course/Entrega Final/public/views/main.hbs", "Handlebars", 0, 0, 0, 0, 0, 0, 47, 0, 0, 0, 0, 0, 1, 48
"/Users/turco/WebDev/coderhouse-backend-course/Entrega Final/public/views/register.hbs", "Handlebars", 0, 0, 0, 0, 0, 0, 21, 0, 0, 0, 0, 8, 0, 29
"/Users/turco/WebDev/coderhouse-backend-course/Entrega Final/public/views/registerError.hbs", "Handlebars", 0, 0, 0, 0, 0, 0, 4, 0, 0, 0, 0, 0, 0, 4
"/Users/turco/WebDev/coderhouse-backend-course/Entrega Final/routes/router1.js", "JavaScript", 29, 0, 0, 0, 0, 0, 0, 0, 0, 0, 0, 0, 19, 48
"/Users/turco/WebDev/coderhouse-backend-course/Entrega Final/routes/routerChild.js", "JavaScript", 14, 0, 0, 0, 0, 0, 0, 0, 0, 0, 0, 0, 4, 18
"/Users/turco/WebDev/coderhouse-backend-course/Entrega Final/server.js", "JavaScript", 132, 0, 0, 0, 0, 0, 0, 0, 0, 0, 0, 0, 40, 172
"/Users/turco/WebDev/coderhouse-backend-course/Entrega Final/serverAPIRandom.js", "JavaScript", 51, 0, 0, 0, 0, 0, 0, 0, 0, 0, 0, 0, 16, 67
"/Users/turco/WebDev/coderhouse-backend-course/Entrega Final/services/services.js", "JavaScript", 50, 0, 0, 0, 0, 0, 0, 0, 0, 0, 0, 0, 10, 60
"/Users/turco/WebDev/coderhouse-backend-course/Entrega Final/tests/api.test.js", "JavaScript", 22, 0, 0, 0, 0, 0, 0, 0, 0, 0, 0, 0, 8, 30
"/Users/turco/WebDev/coderhouse-backend-course/Entrega Final/tests/axiosConfig.js", "JavaScript", 3, 0, 0, 0, 0, 0, 0, 0, 0, 0, 0, 0, 2, 5
"/Users/turco/WebDev/coderhouse-backend-course/Entrega Final/tests/axiosTest.js", "JavaScript", 22, 0, 0, 0, 0, 0, 0, 0, 0, 0, 0, 0, 3, 25
"/Users/turco/WebDev/coderhouse-backend-course/Entrega Final/warn.log", "Log", 0, 0, 0, 0, 0, 0, 0, 0, 82, 0, 0, 0, 1, 83
"/Users/turco/WebDev/coderhouse-backend-course/README.md", "Markdown", 0, 0, 0, 0, 1, 0, 0, 0, 0, 0, 0, 0, 0, 1
"/Users/turco/WebDev/coderhouse-backend-course/api.test.js", "JavaScript", 22, 0, 0, 0, 0, 0, 0, 0, 0, 0, 0, 0, 8, 30
"/Users/turco/WebDev/coderhouse-backend-course/error.log", "Log", 0, 0, 0, 0, 0, 0, 0, 0, 0, 0, 0, 0, 1, 1
"/Users/turco/WebDev/coderhouse-backend-course/package.json", "JSON", 0, 0, 0, 42, 0, 0, 0, 0, 0, 0, 0, 0, 1, 43
"/Users/turco/WebDev/coderhouse-backend-course/warn.log", "Log", 0, 0, 0, 0, 0, 0, 0, 0, 0, 0, 0, 0, 1, 1
"Total", "-", 9103, 0, 12246, 660393, 92, 14, 1617, 70, 72739, 4, 38, 2606, 4884, 763806